{"cameraMode":{"drawMode":0,"name":"Shaded","section":"Shading Mode"},"sceneLighting":true,"audioPlay":false,"sceneViewState":{"m_AlwaysRefresh":true,"showFog":true,"showSkybox":true,"showFlares":true,"showImageEffects":true,"showParticleSystems":true,"showVisualEffectGraphs":true,"m_FxEnabled":true},"in2DMode":false,"pivot":{"x":0.5656686425209045,"y":1.8767551183700562,"z":2.290971517562866},"rotation":{"x":-0.035212911665439609,"y":0.964616596698761,"z":-0.19384069740772248,"w":-0.17523162066936494},"size":1.2623226642608643,"orthographic":false}